               epoch,      train/box_loss,      train/obj_loss,      train/cls_loss,   metrics/precision,      metrics/recall,     metrics/mAP_0.5,metrics/mAP_0.5:0.95,        val/box_loss,        val/obj_loss,        val/cls_loss,               x/lr0,               x/lr1,               x/lr2
                  48,            0.039986,            0.015672,           0.0015405,             0.76727,             0.67712,              0.7166,             0.38494,            0.036587,            0.013865,           0.0022315,           0.0095252,           0.0095252,           0.0095252
                  49,            0.040039,            0.015592,           0.0015489,             0.76543,             0.71053,             0.73722,              0.3917,            0.036228,            0.013779,           0.0018972,           0.0095052,           0.0095052,           0.0095052
                  50,            0.039988,            0.015821,           0.0014606,             0.79068,             0.70051,             0.74009,             0.39072,             0.03627,             0.01376,           0.0019337,           0.0094849,           0.0094849,           0.0094849
                  51,            0.039927,            0.015549,           0.0016624,             0.73426,             0.69609,             0.72647,             0.38779,             0.03613,            0.013781,           0.0017831,           0.0094641,           0.0094641,           0.0094641
                  52,            0.040327,            0.015791,           0.0018085,             0.75359,              0.7033,              0.7384,             0.39925,            0.036373,            0.013747,           0.0019512,            0.009443,            0.009443,            0.009443
                  53,            0.039961,            0.015677,           0.0014815,             0.76527,             0.68161,             0.72833,             0.39378,            0.036275,            0.013708,           0.0017872,           0.0094215,           0.0094215,           0.0094215
                  54,            0.039557,            0.015595,           0.0014577,             0.75896,             0.70525,             0.73872,             0.39142,            0.036082,             0.01374,           0.0015843,           0.0093996,           0.0093996,           0.0093996
                  55,            0.039679,            0.015336,           0.0014871,             0.77576,             0.71742,             0.73915,             0.39659,             0.03605,            0.013727,           0.0016688,           0.0093773,           0.0093773,           0.0093773
                  56,            0.039416,            0.015462,           0.0013991,             0.77325,             0.70623,             0.73918,             0.40021,            0.035947,            0.013652,           0.0015434,           0.0093547,           0.0093547,           0.0093547
                  57,            0.039712,            0.015542,           0.0014602,             0.79566,             0.71196,              0.7462,             0.39944,            0.035968,            0.013674,           0.0016632,           0.0093317,           0.0093317,           0.0093317
                  58,            0.039526,            0.015579,           0.0013858,             0.78502,             0.69437,             0.73919,             0.40057,            0.035908,            0.013636,           0.0017452,           0.0093083,           0.0093083,           0.0093083
                  59,            0.039587,            0.015372,           0.0013314,             0.76186,             0.70739,             0.73962,             0.39874,            0.035881,            0.013641,           0.0018122,           0.0092846,           0.0092846,           0.0092846
                  60,            0.039456,            0.015348,           0.0013035,             0.80657,             0.69093,             0.74577,             0.40571,            0.035806,            0.013632,            0.001718,           0.0092605,           0.0092605,           0.0092605
                  61,            0.039472,            0.015946,           0.0013155,             0.76381,             0.71858,             0.74231,             0.40483,            0.035735,            0.013602,           0.0017629,           0.0092361,           0.0092361,           0.0092361
                  62,            0.039273,            0.015494,           0.0012783,             0.79358,              0.7355,             0.77487,             0.41417,            0.035549,            0.013577,            0.001534,           0.0092113,           0.0092113,           0.0092113
                  63,            0.039237,            0.015315,           0.0012991,             0.82384,             0.68345,             0.75809,             0.40953,            0.035622,            0.013572,           0.0015148,           0.0091861,           0.0091861,           0.0091861
                  64,            0.039197,            0.015197,           0.0013628,             0.78649,             0.74018,             0.77379,             0.41774,            0.035569,            0.013571,           0.0013895,           0.0091606,           0.0091606,           0.0091606
                  65,            0.039138,            0.015208,           0.0012646,             0.78774,             0.72082,             0.75936,              0.4129,            0.035508,            0.013586,           0.0015053,           0.0091348,           0.0091348,           0.0091348
                  66,            0.038821,            0.015168,           0.0012423,             0.78356,              0.7233,             0.76683,             0.41423,            0.035465,             0.01355,            0.001423,           0.0091086,           0.0091086,           0.0091086
                  67,            0.039342,            0.015373,           0.0013239,             0.76898,             0.71739,             0.75924,             0.41669,            0.035515,            0.013537,           0.0015412,           0.0090821,           0.0090821,           0.0090821
                  68,            0.038908,            0.015281,           0.0012993,             0.78469,             0.73817,             0.77793,             0.41719,            0.035343,            0.013538,           0.0015132,           0.0090552,           0.0090552,           0.0090552
                  69,            0.038905,            0.015384,           0.0012472,              0.7801,             0.72827,             0.76441,             0.41842,            0.035377,            0.013503,           0.0014351,            0.009028,            0.009028,            0.009028
                  70,            0.039084,            0.015534,           0.0012447,             0.80594,             0.73502,             0.77107,             0.41963,            0.035357,            0.013494,           0.0014912,           0.0090004,           0.0090004,           0.0090004
                  71,            0.039096,            0.015208,           0.0012344,             0.83176,             0.71232,              0.7825,             0.41821,            0.035275,            0.013523,           0.0016077,           0.0089726,           0.0089726,           0.0089726
                  72,            0.039013,             0.01535,           0.0013904,             0.78813,             0.71225,                0.77,             0.41739,             0.03538,            0.013535,            0.001684,           0.0089444,           0.0089444,           0.0089444
                  73,            0.038825,            0.015459,           0.0012771,             0.75546,             0.75545,             0.77276,             0.42204,            0.035282,            0.013494,           0.0015342,           0.0089159,           0.0089159,           0.0089159
                  74,             0.03876,            0.015258,           0.0011798,             0.80277,             0.75327,             0.78429,             0.42258,            0.035267,            0.013454,           0.0015577,            0.008887,            0.008887,            0.008887
                  75,            0.038946,            0.015326,           0.0012661,             0.78404,             0.75674,             0.78185,             0.42479,            0.035233,            0.013461,           0.0016328,           0.0088579,           0.0088579,           0.0088579
                  76,            0.038915,             0.01536,            0.001227,             0.80094,             0.74046,             0.77972,             0.42561,            0.035275,            0.013453,           0.0016144,           0.0088284,           0.0088284,           0.0088284
                  77,            0.038653,            0.015275,           0.0011559,             0.79385,             0.75468,             0.77976,             0.42758,            0.035168,            0.013447,            0.001495,           0.0087987,           0.0087987,           0.0087987
                  78,            0.038744,            0.015226,            0.001171,             0.79033,             0.74997,             0.78194,             0.42559,            0.035108,            0.013427,           0.0014774,           0.0087686,           0.0087686,           0.0087686
                  79,            0.038526,            0.015156,           0.0011682,             0.78013,             0.74687,             0.77452,             0.42857,            0.035087,            0.013442,           0.0015595,           0.0087382,           0.0087382,           0.0087382
                  80,            0.038577,            0.015246,            0.001189,             0.79084,             0.75048,             0.78093,             0.43066,            0.035073,            0.013449,           0.0015029,           0.0087075,           0.0087075,           0.0087075
                  81,             0.03862,            0.015182,           0.0011497,             0.78765,             0.74666,             0.78426,             0.42925,            0.035011,            0.013427,           0.0014614,           0.0086765,           0.0086765,           0.0086765
                  82,            0.038376,            0.015276,           0.0011138,              0.8083,             0.74507,             0.78432,             0.43395,             0.03503,            0.013411,           0.0015405,           0.0086452,           0.0086452,           0.0086452
                  83,            0.038452,            0.014915,            0.001117,             0.79785,             0.76682,             0.79011,             0.43465,             0.03499,            0.013409,           0.0014907,           0.0086137,           0.0086137,           0.0086137
                  84,            0.038338,            0.014929,           0.0012189,             0.81096,             0.75248,             0.78665,             0.43844,            0.034949,            0.013376,           0.0015204,           0.0085818,           0.0085818,           0.0085818
                  85,            0.038384,            0.015333,           0.0011008,             0.81496,             0.75759,             0.79395,             0.44024,            0.034889,            0.013369,           0.0016034,           0.0085497,           0.0085497,           0.0085497
                  86,            0.038158,             0.01531,           0.0010933,             0.84591,             0.75065,             0.79987,             0.43727,            0.034894,            0.013369,           0.0015784,           0.0085173,           0.0085173,           0.0085173
                  87,            0.038201,            0.015203,           0.0010777,             0.81066,             0.76931,             0.79829,             0.43974,             0.03485,            0.013342,           0.0014982,           0.0084846,           0.0084846,           0.0084846
                  88,            0.038183,            0.015107,           0.0011118,              0.8131,             0.77198,              0.7989,             0.43985,            0.034798,            0.013344,           0.0014914,           0.0084516,           0.0084516,           0.0084516
                  89,            0.038239,            0.014985,           0.0010599,             0.82626,             0.75995,             0.79391,             0.44192,            0.034748,            0.013335,           0.0014915,           0.0084184,           0.0084184,           0.0084184
                  90,            0.038118,            0.015058,           0.0010951,             0.80537,             0.77502,             0.79434,             0.43737,            0.034772,            0.013343,           0.0015078,           0.0083849,           0.0083849,           0.0083849
                  91,            0.038029,            0.015073,           0.0010519,             0.80835,               0.775,             0.79551,             0.43946,            0.034773,            0.013341,           0.0015059,           0.0083511,           0.0083511,           0.0083511
                  92,             0.03803,            0.015221,           0.0010436,             0.80483,             0.77311,             0.79573,              0.4389,            0.034788,            0.013345,           0.0014439,           0.0083171,           0.0083171,           0.0083171
                  93,            0.038077,             0.01509,           0.0010651,             0.82589,             0.75588,             0.79513,             0.43823,            0.034794,            0.013338,           0.0014213,           0.0082829,           0.0082829,           0.0082829
                  94,            0.038116,            0.014883,           0.0011085,             0.83601,             0.75872,             0.80092,             0.44287,            0.034749,            0.013343,           0.0013644,           0.0082483,           0.0082483,           0.0082483
                  95,            0.038371,            0.015221,           0.0010684,             0.79929,             0.78195,             0.80025,             0.44178,            0.034748,            0.013341,           0.0013496,           0.0082136,           0.0082136,           0.0082136
                  96,            0.037949,            0.014876,           0.0010428,             0.79379,             0.77536,             0.79288,             0.44149,            0.034736,            0.013342,           0.0013375,           0.0081786,           0.0081786,           0.0081786
                  97,            0.038052,            0.014874,           0.0010889,             0.81082,             0.77248,             0.79814,             0.44252,             0.03473,             0.01334,           0.0013597,           0.0081433,           0.0081433,           0.0081433
                  98,            0.037952,             0.01507,           0.0011218,             0.81928,              0.7694,             0.80001,             0.44238,            0.034691,            0.013361,           0.0013676,           0.0081078,           0.0081078,           0.0081078
                  99,            0.038083,            0.014892,           0.0010453,             0.80678,             0.77576,             0.80587,             0.44286,            0.034685,            0.013356,           0.0013866,           0.0080721,           0.0080721,           0.0080721
                 100,            0.037925,               0.015,           0.0010532,             0.80388,             0.78302,             0.80496,             0.44375,            0.034671,            0.013348,           0.0013994,           0.0080362,           0.0080362,           0.0080362
                 101,            0.037853,            0.015029,           0.0009973,             0.83008,              0.7597,             0.80001,             0.44394,            0.034678,            0.013345,           0.0013853,               0.008,               0.008,               0.008
                 102,            0.037651,            0.014794,           0.0010264,             0.81036,             0.78597,             0.80509,             0.44493,            0.034665,             0.01333,           0.0013777,           0.0079636,           0.0079636,           0.0079636
                 103,            0.037773,            0.014707,           0.0010356,             0.85613,              0.7515,             0.80393,             0.44617,            0.034641,            0.013319,             0.00139,            0.007927,            0.007927,            0.007927
                 104,             0.03792,             0.01481,           0.0010003,             0.82557,             0.77177,             0.80038,             0.44713,            0.034626,            0.013313,           0.0014388,           0.0078902,           0.0078902,           0.0078902
                 105,            0.037815,            0.014912,           0.0010153,             0.82081,             0.77499,             0.79796,             0.44894,            0.034612,            0.013306,           0.0014424,           0.0078532,           0.0078532,           0.0078532
                 106,            0.037773,            0.014719,          0.00098984,             0.81681,             0.78141,             0.80048,             0.44925,            0.034585,            0.013296,           0.0014503,            0.007816,            0.007816,            0.007816
                 107,            0.037706,            0.014809,           0.0010092,             0.81596,             0.77348,             0.79722,             0.44959,            0.034568,            0.013292,           0.0014492,           0.0077785,           0.0077785,           0.0077785
                 108,            0.037679,            0.014875,          0.00098241,             0.82668,             0.78163,             0.81009,             0.45008,            0.034549,            0.013284,            0.001457,           0.0077409,           0.0077409,           0.0077409
                 109,            0.037495,            0.014723,           0.0010495,             0.81784,             0.77884,             0.80893,              0.4495,            0.034536,            0.013285,           0.0014607,           0.0077031,           0.0077031,           0.0077031
                 110,            0.037745,            0.014654,           0.0009672,             0.81963,             0.77992,             0.81111,              0.4493,            0.034515,            0.013283,           0.0014094,           0.0076651,           0.0076651,           0.0076651
                 111,            0.037341,            0.014744,          0.00097625,             0.81814,             0.78438,             0.81173,               0.449,            0.034497,            0.013283,           0.0013781,           0.0076269,           0.0076269,           0.0076269
                 112,            0.037391,            0.014771,          0.00096566,             0.81086,              0.7871,             0.80975,             0.44994,            0.034498,            0.013284,           0.0013788,           0.0075886,           0.0075886,           0.0075886
                 113,             0.03733,            0.015046,          0.00098604,             0.80968,              0.7803,             0.80921,             0.44937,            0.034495,            0.013287,           0.0013817,           0.0075501,           0.0075501,           0.0075501
                 114,            0.037524,            0.015049,          0.00099207,              0.8113,             0.78614,             0.81004,             0.45073,            0.034474,            0.013284,           0.0013645,           0.0075114,           0.0075114,           0.0075114
                 115,            0.037357,            0.014701,          0.00098942,              0.8079,             0.77759,             0.80029,             0.45037,            0.034462,            0.013278,           0.0013542,           0.0074725,           0.0074725,           0.0074725
                 116,            0.037475,            0.014776,           0.0008995,             0.79829,             0.78823,             0.80279,             0.45052,            0.034441,            0.013275,           0.0013457,           0.0074335,           0.0074335,           0.0074335
                 117,            0.037026,            0.014686,          0.00090045,             0.82602,             0.76452,             0.80505,             0.45014,            0.034419,             0.01327,           0.0013347,           0.0073943,           0.0073943,           0.0073943
                 118,            0.037363,            0.014721,          0.00096798,             0.80802,             0.77995,             0.80609,             0.44933,            0.034405,            0.013266,           0.0013155,            0.007355,            0.007355,            0.007355
                 119,            0.037311,            0.014634,           0.0009415,             0.79294,             0.78648,             0.80362,              0.4518,            0.034395,            0.013264,           0.0013236,           0.0073155,           0.0073155,           0.0073155
                 120,            0.037358,            0.014994,           0.0009336,              0.8062,             0.78134,             0.80448,             0.45117,             0.03439,            0.013266,           0.0013381,           0.0072758,           0.0072758,           0.0072758
                 121,             0.03734,            0.014476,          0.00097272,             0.80704,             0.78151,             0.80324,             0.45205,            0.034389,            0.013265,           0.0013321,           0.0072361,           0.0072361,           0.0072361
                 122,            0.038616,            0.015805,            0.001701,             0.81415,             0.78421,             0.80824,             0.45151,            0.034374,            0.013263,           0.0012943,           0.0071962,           0.0071962,           0.0071962
                 123,            0.037778,            0.015188,           0.0011877,             0.81663,             0.77851,             0.80697,             0.45124,            0.034416,             0.01327,            0.001298,           0.0071561,           0.0071561,           0.0071561
                 124,            0.037463,            0.014937,           0.0010514,             0.81774,             0.77277,             0.80659,             0.45154,             0.03443,            0.013271,           0.0013209,            0.007116,            0.007116,            0.007116
                 125,            0.037465,            0.015013,          0.00098796,             0.82707,             0.77417,             0.81067,             0.45299,            0.034418,            0.013267,           0.0013237,           0.0070757,           0.0070757,           0.0070757
                 126,            0.037403,            0.014965,          0.00099509,             0.82467,             0.77685,             0.81228,             0.45364,            0.034407,            0.013263,           0.0013175,           0.0070353,           0.0070353,           0.0070353
                 127,             0.03709,            0.014665,          0.00090454,             0.82745,             0.77674,             0.81414,             0.45386,            0.034391,            0.013259,           0.0013217,           0.0069948,           0.0069948,           0.0069948
                 128,            0.037129,              0.0149,          0.00091519,             0.83554,             0.77064,             0.81469,             0.45549,            0.034374,            0.013258,             0.00132,           0.0069541,           0.0069541,           0.0069541
                 129,            0.037241,            0.014719,          0.00090564,             0.83243,             0.77501,             0.81445,             0.45438,            0.034349,            0.013255,           0.0013276,           0.0069134,           0.0069134,           0.0069134
                 130,            0.037121,            0.014521,          0.00093351,             0.82961,             0.77134,             0.81195,             0.45417,            0.034331,            0.013255,           0.0013279,           0.0068726,           0.0068726,           0.0068726
                 131,            0.036999,            0.014315,          0.00088431,             0.82119,             0.77872,             0.81332,             0.45475,             0.03432,            0.013253,           0.0013228,           0.0068316,           0.0068316,           0.0068316
                 132,            0.036895,              0.0145,          0.00090323,             0.81924,             0.78087,             0.81315,             0.45535,            0.034314,            0.013251,           0.0013189,           0.0067906,           0.0067906,           0.0067906
                 133,            0.036915,            0.014616,          0.00089153,               0.824,             0.77949,             0.81404,             0.45632,            0.034309,            0.013249,           0.0013104,           0.0067495,           0.0067495,           0.0067495
                 134,            0.036909,            0.014614,           0.0008881,             0.82604,             0.77741,             0.81111,             0.45599,            0.034302,            0.013246,           0.0013035,           0.0067083,           0.0067083,           0.0067083
                 135,            0.036886,            0.014364,          0.00090122,             0.82513,             0.77623,             0.81096,             0.45552,            0.034296,            0.013242,            0.001294,           0.0066671,           0.0066671,           0.0066671
                 136,            0.036882,            0.014566,          0.00089927,              0.8242,             0.77629,             0.81117,             0.45609,            0.034286,             0.01324,            0.001287,           0.0066257,           0.0066257,           0.0066257
                 137,            0.036963,            0.014585,          0.00086519,             0.82634,             0.77652,             0.81244,             0.45656,            0.034279,            0.013237,           0.0012798,           0.0065843,           0.0065843,           0.0065843
                 138,            0.036837,            0.014623,          0.00083199,             0.82848,             0.77797,             0.81526,             0.45755,            0.034267,            0.013235,           0.0012765,           0.0065429,           0.0065429,           0.0065429
                 139,            0.036835,            0.014738,          0.00084534,             0.82403,             0.78173,             0.81469,             0.45809,            0.034264,            0.013232,           0.0012754,           0.0065013,           0.0065013,           0.0065013
                 140,            0.036851,            0.014824,          0.00083261,             0.82639,             0.78203,             0.81571,             0.45801,            0.034253,             0.01323,           0.0012775,           0.0064597,           0.0064597,           0.0064597
                 141,            0.036719,            0.014709,           0.0008114,             0.83075,             0.77548,             0.81605,             0.45756,            0.034248,            0.013228,           0.0012743,           0.0064181,           0.0064181,           0.0064181
                 142,            0.036632,             0.01446,          0.00080136,             0.82359,             0.77914,              0.8137,             0.45735,             0.03424,            0.013226,           0.0012731,           0.0063764,           0.0063764,           0.0063764
                 143,            0.036734,            0.014537,          0.00084181,             0.82425,             0.77719,             0.81346,             0.45831,            0.034237,            0.013225,           0.0012694,           0.0063347,           0.0063347,           0.0063347
                 144,            0.036611,            0.014339,          0.00076875,             0.81952,             0.77943,             0.81377,             0.45813,            0.034235,            0.013224,           0.0012619,            0.006293,            0.006293,            0.006293
                 145,            0.036617,            0.014564,          0.00078252,             0.81679,             0.77958,              0.8135,             0.45835,            0.034231,            0.013223,            0.001255,           0.0062512,           0.0062512,           0.0062512
                 146,            0.036594,            0.014305,           0.0007996,             0.82599,             0.77542,             0.81463,             0.45894,            0.034225,            0.013222,           0.0012527,           0.0062093,           0.0062093,           0.0062093
                 147,            0.036459,            0.014408,          0.00077831,             0.82593,             0.77519,             0.81543,             0.45887,            0.034219,            0.013222,           0.0012451,           0.0061675,           0.0061675,           0.0061675
                 148,            0.036557,            0.014585,          0.00077484,             0.82336,             0.77825,             0.81543,               0.459,            0.034216,            0.013221,           0.0012414,           0.0061256,           0.0061256,           0.0061256
                 149,            0.036447,            0.014524,          0.00082233,             0.82516,             0.78053,             0.81611,             0.45975,            0.034213,            0.013221,           0.0012379,           0.0060838,           0.0060838,           0.0060838
                 150,             0.03626,             0.01446,          0.00079329,             0.82508,             0.78113,             0.81684,             0.45981,            0.034211,             0.01322,            0.001235,           0.0060419,           0.0060419,           0.0060419
                 151,            0.036495,            0.014635,          0.00076225,              0.8276,             0.78284,             0.81724,             0.45922,            0.034208,             0.01322,            0.001232,               0.006,               0.006,               0.006
                 152,            0.036467,            0.014417,          0.00079702,              0.8302,             0.78454,             0.81833,             0.45917,            0.034205,            0.013219,           0.0012289,           0.0059581,           0.0059581,           0.0059581
                 153,            0.036407,            0.014243,          0.00077903,             0.83046,             0.78194,             0.81785,             0.45957,            0.034199,            0.013219,           0.0012262,           0.0059162,           0.0059162,           0.0059162
                 154,            0.036326,            0.014563,          0.00072453,             0.83055,             0.78351,             0.81826,             0.46014,            0.034195,            0.013218,           0.0012212,           0.0058744,           0.0058744,           0.0058744
                 155,            0.036482,            0.014407,          0.00074772,             0.83289,             0.78228,             0.81802,             0.46037,             0.03419,            0.013217,           0.0012192,           0.0058325,           0.0058325,           0.0058325
                 156,             0.03612,            0.014166,          0.00074983,             0.83133,             0.78414,              0.8183,             0.46031,            0.034185,            0.013217,           0.0012177,           0.0057907,           0.0057907,           0.0057907
                 157,            0.036059,            0.014331,          0.00074674,             0.83047,             0.78486,             0.81707,             0.46023,            0.034182,            0.013216,           0.0012163,           0.0057488,           0.0057488,           0.0057488
                 158,            0.036231,            0.014256,          0.00072615,             0.83132,             0.78374,             0.81776,             0.46003,             0.03418,            0.013216,           0.0012136,            0.005707,            0.005707,            0.005707
                 159,            0.036267,            0.014556,          0.00071166,             0.83313,             0.78213,             0.81834,              0.4606,            0.034178,            0.013215,            0.001211,           0.0056653,           0.0056653,           0.0056653
                 160,            0.036229,            0.014418,          0.00076177,             0.83188,             0.78197,             0.81879,             0.46062,            0.034172,            0.013215,           0.0012082,           0.0056236,           0.0056236,           0.0056236
                 161,            0.036038,            0.014307,          0.00072386,             0.83112,             0.78189,             0.81983,             0.46111,            0.034168,            0.013214,           0.0012083,           0.0055819,           0.0055819,           0.0055819
                 162,            0.036046,            0.014137,          0.00071633,             0.83322,             0.78163,             0.81987,             0.46053,            0.034163,            0.013213,           0.0012082,           0.0055403,           0.0055403,           0.0055403
                 163,            0.036242,            0.014276,          0.00076035,             0.83583,             0.77928,             0.81998,             0.46063,            0.034159,            0.013211,            0.001207,           0.0054987,           0.0054987,           0.0054987
                 164,            0.036003,            0.014405,          0.00072656,             0.83369,             0.78055,             0.81884,             0.46102,            0.034156,            0.013211,           0.0012061,           0.0054571,           0.0054571,           0.0054571
                 165,            0.036042,            0.014141,          0.00067982,             0.83384,             0.78052,             0.81877,             0.46151,            0.034154,            0.013211,           0.0012078,           0.0054157,           0.0054157,           0.0054157
                 166,            0.036089,             0.01448,          0.00075367,             0.83204,             0.78318,             0.81893,             0.46115,             0.03415,             0.01321,           0.0012073,           0.0053743,           0.0053743,           0.0053743
                 167,            0.035889,            0.014492,          0.00069723,             0.83168,             0.78319,             0.81907,             0.46136,            0.034147,             0.01321,           0.0012104,           0.0053329,           0.0053329,           0.0053329
                 168,            0.035864,            0.014078,           0.0007367,             0.83567,             0.78054,             0.81944,             0.46128,            0.034143,            0.013208,           0.0012124,           0.0052917,           0.0052917,           0.0052917
                 169,            0.035846,            0.014348,          0.00068635,             0.83617,             0.78048,             0.81959,             0.46127,             0.03414,            0.013207,           0.0012135,           0.0052505,           0.0052505,           0.0052505
                 170,            0.035795,            0.013901,          0.00073163,             0.83963,              0.7813,             0.82024,             0.46206,            0.034139,            0.013206,           0.0012152,           0.0052094,           0.0052094,           0.0052094
                 171,            0.035714,            0.014211,          0.00066254,             0.83445,             0.78298,             0.82041,             0.46193,            0.034136,            0.013205,           0.0012157,           0.0051684,           0.0051684,           0.0051684
                 172,            0.035806,            0.014389,          0.00066641,             0.83486,             0.78316,             0.82224,             0.46276,            0.034134,            0.013205,           0.0012143,           0.0051274,           0.0051274,           0.0051274
                 173,            0.035836,            0.014233,          0.00072801,              0.8342,              0.7845,             0.82257,             0.46311,            0.034132,            0.013205,           0.0012167,           0.0050866,           0.0050866,           0.0050866
                 174,            0.035963,            0.014302,          0.00073698,              0.8375,             0.78189,             0.82254,             0.46267,            0.034131,            0.013205,             0.00122,           0.0050459,           0.0050459,           0.0050459
                 175,            0.035588,            0.014023,          0.00068083,             0.83757,             0.78186,             0.82246,             0.46248,             0.03413,            0.013204,           0.0012198,           0.0050052,           0.0050052,           0.0050052
                 176,            0.035705,            0.014208,          0.00069667,             0.83612,             0.78252,             0.82247,              0.4625,            0.034128,            0.013203,           0.0012215,           0.0049647,           0.0049647,           0.0049647
                 177,            0.035671,            0.014203,            0.000694,             0.83754,             0.78301,              0.8223,             0.46265,            0.034126,            0.013202,           0.0012208,           0.0049243,           0.0049243,           0.0049243
                 178,            0.035591,            0.014035,          0.00070155,              0.8371,             0.78301,             0.82201,             0.46261,            0.034124,            0.013202,           0.0012186,            0.004884,            0.004884,            0.004884
                 179,            0.035561,            0.014327,          0.00066439,             0.83703,             0.78289,             0.82219,             0.46303,            0.034121,            0.013201,            0.001218,           0.0048439,           0.0048439,           0.0048439
                 180,            0.035602,            0.013974,          0.00068762,             0.83681,             0.78332,             0.82225,             0.46296,             0.03412,              0.0132,           0.0012178,           0.0048038,           0.0048038,           0.0048038
                 181,              0.0356,            0.014256,          0.00067921,             0.83703,             0.78324,             0.82248,             0.46269,            0.034117,            0.013198,           0.0012164,           0.0047639,           0.0047639,           0.0047639
                 182,            0.035468,            0.013981,          0.00064784,             0.83788,              0.7836,              0.8225,             0.46262,            0.034114,            0.013197,           0.0012176,           0.0047242,           0.0047242,           0.0047242
                 183,            0.035579,            0.014275,          0.00069691,             0.83363,             0.78785,             0.82275,             0.46242,            0.034112,            0.013197,           0.0012173,           0.0046845,           0.0046845,           0.0046845
                 184,            0.035471,            0.014205,          0.00066347,             0.83509,             0.78698,             0.82229,             0.46295,             0.03411,            0.013196,           0.0012189,            0.004645,            0.004645,            0.004645
                 185,             0.03558,            0.014303,          0.00067286,             0.83391,             0.78529,             0.82204,             0.46305,            0.034109,            0.013195,           0.0012191,           0.0046057,           0.0046057,           0.0046057
                 186,             0.03534,             0.01408,          0.00067904,             0.83351,             0.78569,             0.82153,             0.46324,            0.034108,            0.013195,           0.0012178,           0.0045665,           0.0045665,           0.0045665
                 187,            0.035173,             0.01404,          0.00063112,             0.83404,             0.78516,             0.82241,             0.46349,            0.034105,            0.013193,           0.0012175,           0.0045275,           0.0045275,           0.0045275
                 188,            0.035426,            0.014292,          0.00062165,             0.83062,              0.7827,             0.81848,             0.46315,            0.034102,            0.013192,            0.001216,           0.0044886,           0.0044886,           0.0044886
                 189,            0.035209,            0.014139,          0.00064191,             0.83134,             0.78243,             0.81852,             0.46313,            0.034101,            0.013191,           0.0012159,           0.0044499,           0.0044499,           0.0044499
                 190,            0.035218,             0.01422,          0.00064537,             0.83212,             0.78266,             0.81876,             0.46294,            0.034099,            0.013191,           0.0012163,           0.0044114,           0.0044114,           0.0044114
                 191,            0.035021,            0.014039,          0.00062208,              0.8324,             0.78255,             0.81883,              0.4632,            0.034097,            0.013189,           0.0012164,           0.0043731,           0.0043731,           0.0043731
                 192,             0.03513,            0.013885,           0.0005879,             0.83387,             0.77564,             0.81749,             0.46342,            0.034095,            0.013188,           0.0012164,           0.0043349,           0.0043349,           0.0043349
                 193,            0.035107,            0.013921,           0.0006058,             0.83201,             0.78039,             0.81916,              0.4638,            0.034093,            0.013187,            0.001216,           0.0042969,           0.0042969,           0.0042969
                 194,            0.035106,            0.014015,          0.00059717,             0.83166,             0.78293,             0.81946,             0.46438,            0.034092,            0.013186,           0.0012176,           0.0042591,           0.0042591,           0.0042591
                 195,            0.035062,            0.014163,           0.0006057,             0.83285,             0.78408,              0.8205,             0.46527,            0.034089,            0.013185,           0.0012174,           0.0042215,           0.0042215,           0.0042215
                 196,            0.035254,            0.014153,          0.00059537,             0.83392,             0.78293,             0.82064,             0.46545,            0.034087,            0.013184,            0.001217,            0.004184,            0.004184,            0.004184
                 197,             0.03509,            0.014009,          0.00064539,             0.83566,             0.78244,             0.82037,             0.46554,            0.034084,            0.013183,            0.001217,           0.0041468,           0.0041468,           0.0041468
                 198,            0.035005,            0.013869,          0.00064121,             0.83448,             0.78136,             0.81921,             0.46516,            0.034082,            0.013183,           0.0012152,           0.0041098,           0.0041098,           0.0041098
                 199,              0.0347,            0.013833,          0.00062189,              0.8346,             0.78127,             0.81924,              0.4651,             0.03408,            0.013182,           0.0012133,            0.004073,            0.004073,            0.004073
                 200,            0.034758,            0.013789,           0.0005976,              0.8355,             0.78146,             0.81957,             0.46511,            0.034076,            0.013181,           0.0012141,           0.0040364,           0.0040364,           0.0040364
                 201,            0.034989,            0.013768,          0.00058262,             0.82635,             0.78582,             0.81913,             0.46536,            0.034075,             0.01318,           0.0012132,               0.004,               0.004,               0.004
                 202,            0.035021,            0.013935,          0.00059125,             0.83189,             0.78193,             0.81896,             0.46503,            0.034073,            0.013179,           0.0012127,           0.0039638,           0.0039638,           0.0039638
                 203,            0.034858,            0.013847,          0.00059362,             0.83255,             0.78183,              0.8189,             0.46596,             0.03407,            0.013178,           0.0012125,           0.0039279,           0.0039279,           0.0039279
                 204,            0.034884,            0.013759,          0.00058856,             0.83429,             0.78032,             0.81936,             0.46537,            0.034067,            0.013178,           0.0012125,           0.0038922,           0.0038922,           0.0038922
                 205,            0.034741,            0.014084,           0.0005696,              0.8321,             0.78303,              0.8187,              0.4659,            0.034064,            0.013176,           0.0012139,           0.0038567,           0.0038567,           0.0038567
                 206,             0.03492,            0.013617,          0.00060858,             0.82658,             0.78585,             0.81798,             0.46547,            0.034063,            0.013175,           0.0012141,           0.0038214,           0.0038214,           0.0038214
                 207,            0.034838,            0.014016,          0.00057928,             0.83011,             0.78472,             0.81849,              0.4653,             0.03406,            0.013175,           0.0012144,           0.0037864,           0.0037864,           0.0037864
                 208,            0.034657,            0.013778,          0.00058512,              0.8334,             0.78319,             0.81808,              0.4649,            0.034057,            0.013175,           0.0012137,           0.0037517,           0.0037517,           0.0037517
                 209,            0.034844,            0.013953,          0.00054959,              0.8325,              0.7839,             0.81774,             0.46501,            0.034056,            0.013174,           0.0012136,           0.0037171,           0.0037171,           0.0037171
                 210,              0.0347,            0.013795,          0.00054577,             0.83251,             0.78387,             0.81784,             0.46507,            0.034052,            0.013173,           0.0012143,           0.0036829,           0.0036829,           0.0036829
                 211,            0.034407,            0.013716,          0.00059005,             0.83333,             0.78531,             0.81927,              0.4649,            0.034049,            0.013173,            0.001215,           0.0036489,           0.0036489,           0.0036489
                 212,            0.034524,            0.013917,          0.00054834,             0.83455,             0.78653,             0.82061,              0.4652,            0.034046,            0.013172,            0.001215,           0.0036151,           0.0036151,           0.0036151
                 213,             0.03457,            0.013916,          0.00057171,             0.84057,              0.7825,             0.81993,             0.46508,            0.034043,             0.01317,            0.001215,           0.0035816,           0.0035816,           0.0035816
                 214,            0.034626,            0.013688,          0.00055885,             0.83856,             0.78497,                0.82,             0.46559,            0.034041,             0.01317,           0.0012153,           0.0035484,           0.0035484,           0.0035484
                 215,            0.034578,            0.013844,          0.00054106,              0.8395,             0.78323,             0.82072,             0.46598,            0.034039,             0.01317,           0.0012176,           0.0035154,           0.0035154,           0.0035154
                 216,            0.034511,            0.013837,          0.00057409,             0.83741,             0.78503,             0.82061,             0.46632,            0.034038,            0.013168,           0.0012167,           0.0034827,           0.0034827,           0.0034827
                 217,            0.034418,            0.013742,          0.00054635,             0.83576,             0.78398,             0.82093,              0.4661,            0.034037,            0.013168,           0.0012162,           0.0034503,           0.0034503,           0.0034503
                 218,            0.034516,            0.013832,          0.00053929,             0.82928,             0.78846,             0.82083,              0.4657,            0.034035,            0.013167,           0.0012176,           0.0034182,           0.0034182,           0.0034182
                 219,            0.034657,            0.013753,          0.00054418,             0.83743,             0.78273,             0.82095,             0.46601,            0.034033,            0.013166,           0.0012164,           0.0033863,           0.0033863,           0.0033863
                 220,            0.034451,            0.013695,          0.00054004,             0.83585,             0.78305,             0.82101,             0.46643,            0.034031,            0.013165,           0.0012162,           0.0033548,           0.0033548,           0.0033548
                 221,             0.03442,            0.013675,          0.00056054,             0.84042,             0.78105,             0.82332,             0.46664,             0.03403,            0.013164,           0.0012163,           0.0033235,           0.0033235,           0.0033235
                 222,            0.034447,            0.013928,          0.00053305,             0.83638,              0.7817,             0.82093,             0.46622,            0.034029,            0.013163,           0.0012158,           0.0032925,           0.0032925,           0.0032925
                 223,             0.03435,            0.013726,          0.00055894,             0.83672,             0.78334,             0.82249,             0.46689,            0.034027,            0.013163,           0.0012166,           0.0032618,           0.0032618,           0.0032618
                 224,            0.034243,            0.013597,          0.00055485,             0.83118,             0.78276,              0.8208,             0.46668,            0.034026,            0.013162,           0.0012169,           0.0032314,           0.0032314,           0.0032314
                 225,            0.034369,            0.013793,          0.00054651,             0.83139,             0.78425,             0.82178,             0.46719,            0.034024,            0.013161,           0.0012161,           0.0032013,           0.0032013,           0.0032013
                 226,            0.034136,            0.013682,          0.00048271,             0.83111,             0.78581,             0.82214,             0.46675,            0.034022,             0.01316,           0.0012153,           0.0031716,           0.0031716,           0.0031716
                 227,            0.033909,            0.013651,           0.0005346,             0.82984,             0.78587,             0.82244,             0.46656,             0.03402,            0.013159,            0.001214,           0.0031421,           0.0031421,           0.0031421
                 228,            0.034133,            0.013659,          0.00052034,             0.83235,             0.78569,             0.82294,             0.46606,            0.034016,            0.013159,           0.0012122,            0.003113,            0.003113,            0.003113
                 229,            0.034115,            0.013693,          0.00051084,             0.83998,              0.7799,             0.82296,             0.46689,            0.034014,            0.013157,           0.0012115,           0.0030841,           0.0030841,           0.0030841
                 230,            0.033836,            0.013442,          0.00052964,             0.83544,             0.78537,             0.82394,             0.46699,            0.034012,            0.013156,           0.0012102,           0.0030556,           0.0030556,           0.0030556
                 231,              0.0339,            0.013612,          0.00048763,             0.84544,             0.77785,             0.82416,             0.46694,            0.034011,            0.013156,           0.0012095,           0.0030274,           0.0030274,           0.0030274
                 232,            0.033883,            0.013654,          0.00048608,             0.84334,             0.78188,             0.82596,             0.46647,            0.034009,            0.013154,           0.0012089,           0.0029996,           0.0029996,           0.0029996
                 233,            0.033805,             0.01353,          0.00047718,             0.84506,             0.78318,             0.82676,             0.46691,            0.034007,            0.013154,           0.0012091,            0.002972,            0.002972,            0.002972
                 234,            0.033961,            0.013426,          0.00051151,             0.84514,             0.78325,             0.82676,             0.46714,            0.034006,            0.013153,           0.0012096,           0.0029448,           0.0029448,           0.0029448
                 235,            0.033814,            0.013398,          0.00049687,             0.84616,             0.78325,             0.82638,             0.46705,            0.034005,            0.013153,           0.0012114,           0.0029179,           0.0029179,           0.0029179
                 236,            0.033717,            0.013419,          0.00046054,             0.84659,             0.78465,             0.82812,             0.46697,            0.034005,            0.013152,           0.0012117,           0.0028914,           0.0028914,           0.0028914
                 237,            0.033607,            0.013433,          0.00051159,             0.84692,              0.7821,             0.82753,             0.46662,            0.034004,            0.013151,           0.0012122,           0.0028652,           0.0028652,           0.0028652
                 238,            0.033725,            0.013694,          0.00045451,             0.84754,             0.78179,             0.82778,             0.46718,            0.034004,             0.01315,           0.0012124,           0.0028394,           0.0028394,           0.0028394
                 239,              0.0339,            0.013997,          0.00049102,             0.84621,             0.78245,             0.82784,             0.46678,            0.034004,            0.013149,           0.0012124,           0.0028139,           0.0028139,           0.0028139
                 240,            0.033809,            0.013473,            0.000475,             0.84592,              0.7825,             0.82763,             0.46672,            0.034001,            0.013148,            0.001213,           0.0027887,           0.0027887,           0.0027887
                 241,            0.033723,            0.013798,          0.00047353,             0.84791,             0.78196,             0.82774,             0.46772,               0.034,            0.013148,            0.001214,           0.0027639,           0.0027639,           0.0027639
                 242,            0.033688,            0.013551,          0.00050264,             0.84946,             0.78376,             0.82869,             0.46767,            0.033999,            0.013148,           0.0012155,           0.0027395,           0.0027395,           0.0027395
                 243,            0.033702,            0.013576,          0.00048842,             0.84963,             0.78368,              0.8289,             0.46743,            0.033998,            0.013147,           0.0012147,           0.0027154,           0.0027154,           0.0027154
                 244,             0.03386,            0.013657,          0.00050884,             0.84858,              0.7838,             0.82878,             0.46848,            0.033997,            0.013147,           0.0012147,           0.0026917,           0.0026917,           0.0026917
                 245,            0.033595,            0.013827,          0.00050647,             0.84767,             0.78241,             0.82778,             0.46866,            0.033996,            0.013146,            0.001214,           0.0026683,           0.0026683,           0.0026683
                 246,            0.033675,            0.013711,          0.00050064,             0.84902,             0.78106,             0.82772,             0.46852,            0.033994,            0.013146,           0.0012132,           0.0026453,           0.0026453,           0.0026453
                 247,            0.033324,            0.013477,          0.00050565,             0.85054,             0.78221,             0.82884,             0.46787,            0.033992,            0.013145,            0.001214,           0.0026227,           0.0026227,           0.0026227
                 248,            0.033644,            0.013485,          0.00048586,             0.84925,             0.78233,             0.82864,             0.46794,            0.033991,            0.013145,           0.0012135,           0.0026004,           0.0026004,           0.0026004
                 249,            0.033554,            0.013426,          0.00045673,             0.84946,             0.78221,              0.8291,             0.46794,            0.033989,            0.013144,           0.0012131,           0.0025785,           0.0025785,           0.0025785
                 250,            0.033287,            0.013207,          0.00046908,             0.84946,             0.78226,             0.82944,             0.46838,            0.033987,            0.013144,           0.0012136,            0.002557,            0.002557,            0.002557
                 251,             0.03334,            0.013096,          0.00047379,             0.84649,             0.77978,             0.82683,             0.46868,            0.033986,            0.013143,           0.0012132,           0.0025359,           0.0025359,           0.0025359
                 252,            0.033293,            0.013235,          0.00048046,             0.84619,             0.77997,             0.82685,             0.46922,            0.033985,            0.013143,           0.0012124,           0.0025151,           0.0025151,           0.0025151
                 253,            0.033182,            0.013232,          0.00048232,             0.84605,             0.77975,             0.82644,             0.46954,            0.033985,            0.013143,           0.0012117,           0.0024948,           0.0024948,           0.0024948
                 254,              0.0334,            0.013481,          0.00048154,             0.84759,             0.77958,             0.82627,             0.46936,            0.033983,            0.013143,           0.0012122,           0.0024748,           0.0024748,           0.0024748
                 255,            0.033386,            0.013435,          0.00047409,             0.84693,             0.78115,             0.82679,             0.46972,             0.03398,            0.013143,           0.0012122,           0.0024552,           0.0024552,           0.0024552
                 256,            0.033315,             0.01365,          0.00046616,             0.84696,             0.78106,             0.82693,             0.47014,            0.033979,            0.013143,           0.0012123,            0.002436,            0.002436,            0.002436
                 257,            0.033219,             0.01324,          0.00040682,              0.8467,             0.77982,             0.82641,              0.4703,            0.033978,            0.013143,           0.0012125,           0.0024172,           0.0024172,           0.0024172
                 258,            0.033044,            0.013338,          0.00047258,              0.8452,             0.78009,             0.82603,             0.47026,            0.033977,            0.013143,           0.0012137,           0.0023987,           0.0023987,           0.0023987
                 259,            0.033063,            0.013212,          0.00045464,             0.84444,             0.77995,             0.82608,             0.47049,            0.033976,            0.013143,           0.0012141,           0.0023807,           0.0023807,           0.0023807
                 260,            0.033011,            0.013411,          0.00044295,             0.84447,             0.78006,             0.82614,             0.47115,            0.033975,            0.013143,           0.0012134,           0.0023631,           0.0023631,           0.0023631
                 261,            0.033124,            0.013194,          0.00044091,             0.84428,             0.78006,             0.82644,             0.47081,            0.033973,            0.013143,           0.0012143,           0.0023458,           0.0023458,           0.0023458
                 262,            0.032992,            0.013307,          0.00043752,             0.84139,             0.78281,             0.82633,             0.47076,            0.033973,            0.013143,           0.0012152,            0.002329,            0.002329,            0.002329
                 263,            0.033253,            0.013397,          0.00042427,             0.84273,             0.78281,             0.82651,             0.47112,            0.033972,            0.013143,           0.0012151,           0.0023125,           0.0023125,           0.0023125
                 264,            0.033256,            0.013607,          0.00044269,             0.84458,             0.78274,               0.826,             0.47114,             0.03397,            0.013144,           0.0012153,           0.0022965,           0.0022965,           0.0022965
                 265,             0.03305,            0.013347,          0.00045665,             0.84352,             0.78201,             0.82617,             0.47091,            0.033969,            0.013144,           0.0012161,           0.0022809,           0.0022809,           0.0022809
                 266,            0.033121,            0.013482,          0.00044249,             0.84342,             0.78132,             0.82634,             0.47138,            0.033968,            0.013145,           0.0012145,           0.0022657,           0.0022657,           0.0022657
                 267,            0.033242,            0.013377,          0.00043897,             0.84307,             0.78087,             0.82641,             0.47208,            0.033968,            0.013145,           0.0012149,           0.0022509,           0.0022509,           0.0022509
                 268,            0.032903,            0.013439,           0.0004634,             0.83077,              0.7903,             0.82647,             0.47212,            0.033967,            0.013145,           0.0012153,           0.0022365,           0.0022365,           0.0022365
                 269,            0.032987,            0.013379,          0.00042465,             0.82889,             0.78914,             0.82543,             0.47202,            0.033967,            0.013146,            0.001216,           0.0022225,           0.0022225,           0.0022225
                 270,            0.032996,            0.013182,          0.00043976,             0.83026,              0.7888,             0.82525,             0.47242,            0.033967,            0.013146,           0.0012167,           0.0022089,           0.0022089,           0.0022089
                 271,            0.032717,            0.012998,          0.00043637,             0.82919,             0.78777,             0.82486,             0.47245,            0.033967,            0.013146,           0.0012177,           0.0021958,           0.0021958,           0.0021958
                 272,            0.032913,            0.013428,          0.00044815,             0.82884,             0.78773,               0.825,             0.47226,            0.033966,            0.013146,           0.0012188,            0.002183,            0.002183,            0.002183
                 273,            0.032554,            0.013019,          0.00045539,             0.84205,             0.77643,             0.82525,             0.47243,            0.033966,            0.013147,           0.0012192,           0.0021707,           0.0021707,           0.0021707
                 274,            0.032802,            0.013404,          0.00041001,             0.84333,             0.77647,              0.8249,             0.47231,            0.033967,            0.013148,           0.0012193,           0.0021588,           0.0021588,           0.0021588
                 275,            0.032672,            0.012956,          0.00042891,             0.84368,             0.77643,             0.82453,             0.47224,            0.033967,            0.013147,           0.0012194,           0.0021473,           0.0021473,           0.0021473
                 276,            0.032846,            0.013179,          0.00041615,             0.83871,             0.77956,             0.82418,             0.47222,            0.033967,            0.013148,           0.0012214,           0.0021363,           0.0021363,           0.0021363
                 277,             0.03268,            0.013072,          0.00044425,              0.8403,             0.77924,             0.82405,             0.47225,            0.033968,            0.013149,           0.0012229,           0.0021257,           0.0021257,           0.0021257
                 278,            0.032928,            0.013393,          0.00040663,             0.82904,             0.78866,             0.82373,             0.47255,            0.033967,             0.01315,           0.0012235,           0.0021155,           0.0021155,           0.0021155
                 279,            0.032766,            0.013227,          0.00046435,             0.84017,             0.77897,             0.82362,             0.47234,            0.033967,            0.013149,           0.0012234,           0.0021057,           0.0021057,           0.0021057
                 280,            0.032556,            0.013122,          0.00045617,             0.83929,             0.77749,             0.82256,             0.47202,            0.033966,            0.013149,           0.0012241,           0.0020963,           0.0020963,           0.0020963
                 281,            0.032585,            0.013023,          0.00044692,             0.83914,             0.77775,             0.82252,             0.47193,            0.033966,             0.01315,           0.0012246,           0.0020874,           0.0020874,           0.0020874
                 282,            0.032792,            0.013209,          0.00044236,             0.83112,             0.78412,             0.82244,              0.4718,            0.033967,            0.013152,            0.001226,           0.0020789,           0.0020789,           0.0020789
                 283,            0.032474,             0.01327,          0.00040904,               0.828,             0.78587,             0.82236,             0.47159,            0.033967,            0.013152,           0.0012273,           0.0020709,           0.0020709,           0.0020709
                 284,            0.032498,            0.013155,           0.0004307,             0.82824,             0.78553,             0.82275,             0.47224,            0.033968,            0.013153,           0.0012287,           0.0020632,           0.0020632,           0.0020632
                 285,             0.03257,            0.013204,          0.00044889,             0.82698,             0.78593,             0.82291,             0.47219,            0.033969,            0.013153,           0.0012293,            0.002056,            0.002056,            0.002056
                 286,            0.032609,            0.013318,          0.00046537,             0.85555,             0.76489,             0.82314,             0.47183,            0.033969,            0.013153,           0.0012303,           0.0020492,           0.0020492,           0.0020492
                 287,            0.032412,            0.012883,          0.00044327,             0.85598,             0.76468,             0.82288,             0.47179,             0.03397,            0.013155,           0.0012317,           0.0020429,           0.0020429,           0.0020429
                 288,            0.032583,            0.013376,          0.00040349,             0.85676,             0.76464,             0.82288,             0.47211,            0.033971,            0.013156,           0.0012328,            0.002037,            0.002037,            0.002037
                 289,             0.03247,            0.013129,          0.00040594,             0.85777,              0.7645,             0.82271,             0.47242,            0.033971,            0.013157,           0.0012338,           0.0020315,           0.0020315,           0.0020315
                 290,            0.032424,            0.013162,          0.00043226,             0.85777,             0.76487,             0.82203,             0.47219,            0.033972,            0.013157,           0.0012347,           0.0020265,           0.0020265,           0.0020265
                 291,            0.032242,            0.012836,           0.0004299,              0.8584,             0.76137,             0.81971,             0.47211,            0.033973,            0.013157,           0.0012347,           0.0020219,           0.0020219,           0.0020219
                 292,            0.032296,            0.013164,          0.00042394,             0.85876,             0.76162,             0.81987,             0.47213,            0.033973,            0.013157,           0.0012336,           0.0020178,           0.0020178,           0.0020178
                 293,            0.032299,             0.01302,          0.00041745,             0.85883,             0.76157,             0.82013,             0.47189,            0.033974,            0.013158,           0.0012337,            0.002014,            0.002014,            0.002014
                 294,            0.032453,            0.013324,          0.00041984,             0.85862,             0.76196,             0.82044,             0.47187,            0.033974,            0.013158,           0.0012346,           0.0020107,           0.0020107,           0.0020107
                 295,            0.032451,            0.013067,          0.00040707,             0.86048,             0.76269,             0.82278,              0.4724,            0.033975,             0.01316,           0.0012352,           0.0020079,           0.0020079,           0.0020079
                 296,            0.032457,            0.013393,          0.00043219,             0.82917,             0.78435,             0.82032,             0.47225,            0.033976,             0.01316,           0.0012357,           0.0020055,           0.0020055,           0.0020055
                 297,            0.032451,            0.013332,          0.00042442,             0.86855,             0.75635,             0.82069,             0.47156,            0.033978,            0.013161,           0.0012361,           0.0020035,           0.0020035,           0.0020035
                 298,            0.032489,            0.013268,          0.00042166,             0.87046,             0.75734,             0.82327,             0.47172,            0.033979,            0.013161,           0.0012365,            0.002002,            0.002002,            0.002002
                 299,            0.032485,            0.013209,          0.00043542,             0.86993,              0.7575,             0.82333,             0.47225,            0.033982,            0.013162,           0.0012374,           0.0020009,           0.0020009,           0.0020009
